first_down_penalty,penalty,penalty_team,penalty_player_id,penalty_player_name,penalty_yards,penalty_type,wpa
0.0,0.0,,,,,,0.0003382861614227
0.0,0.0,,,,,,0.0022139251232147
0.0,0.0,,,,,,-0.0396048426628113
0.0,0.0,,,,,,0.0839625597000122
0.0,0.0,,,,,,-0.0045745074748992
0.0,0.0,,,,,,0.136851332195502
0.0,0.0,,,,,,0.0017358148019496
0.0,0.0,,,,,,0.0223586559295654
0.0,0.0,,,,,,0.0191431641578674
0.0,0.0,,,,,,0.0242719650268555
0.0,0.0,,,,,,0.0202920138835907
0.0,0.0,,,,,,0.0099435448646545
0.0,0.0,,,,,,-0.0049127042293548
0.0,0.0,,,,,,0.002371072769165
0.0,0.0,,,,,,-0.0527592599391937
0.0,0.0,,,,,,0.0630068480968475
0.0,0.0,,,,,,-0.0104685127735138
0.0,0.0,,,,,,-0.0234901010990143
0.0,0.0,,,,,,-0.0324987173080444
0.0,0.0,,,,,,0.0058728754520416
0.0,0.0,,,,,,0.0003373622894287
0.0,0.0,,,,,,-0.0054122805595398
0.0,0.0,,,,,,-0.0032169818878173
0.0,0.0,,,,,,-0.0361203551292419
0.0,0.0,,,,,,0.0131626129150391
0.0,0.0,,,,,,0.0100162029266357
0.0,0.0,,,,,,0.0265800356864929
0.0,0.0,,,,,,0.0169793963432312
0.0,0.0,,,,,,0.0167896151542664
0.0,1.0,BUF,00-0037248,J.Cook,5.0,False Start,-0.0595628321170807
0.0,0.0,,,,,,0.0454878509044647
0.0,0.0,,,,,,0.0367485880851746
0.0,0.0,,,,,,-0.0139728188514709
0.0,0.0,,,,,,0.0088443160057067
0.0,0.0,,,,,,0.0331659913063049
0.0,0.0,,,,,,0.0028071403503418
0.0,0.0,,,,,,-0.0037466883659362
0.0,0.0,,,,,,0.0
0.0,0.0,,,,,,0.0236010551452637
0.0,0.0,,,,,,0.0533336620348119
0.0,0.0,,,,,,0.0025460500699854
0.0,0.0,,,,,,0.0003091990947723
0.0,0.0,,,,,,0.0133895576000214
0.0,0.0,,,,,,0.0062933266162872
0.0,0.0,,,,,,-0.0177964866161346
0.0,0.0,,,,,,-0.0267300307750702
0.0,0.0,,,,,,-0.0359557569026947
0.0,0.0,,,,,,0.142945051193237
0.0,0.0,,,,,,0.0090756118297576
0.0,0.0,,,,,,-0.0503670871257782
0.0,0.0,,,,,,-0.0477507710456848
0.0,0.0,,,,,,-0.0244795680046082
0.0,1.0,BUF,00-0036976,S.Brown,0.0,False Start,0.0
0.0,0.0,,,,,,0.0180381536483765
0.0,0.0,,,,,,-0.0329217314720154
0.0,0.0,,,,,,0.0303611755371094
0.0,0.0,,,,,,0.0178535580635071
0.0,0.0,,,,,,-0.0073278546333313
0.0,0.0,,,,,,0.0129036903381348
0.0,0.0,,,,,,-0.0009163618087768
0.0,0.0,,,,,,0.0236607789993286
0.0,0.0,,,,,,-0.0104226469993591
0.0,1.0,BUF,00-0033904,D.Dawkins,5.0,False Start,-0.008974552154541
0.0,0.0,,,,,,-0.0472080111503601
0.0,0.0,,,,,,0.0
0.0,0.0,,,,,,0.0112205147743225
0.0,1.0,DEN,00-0038976,M.Mims,7.0,Unnecessary Roughness,8.86023044586182e-05
0.0,0.0,,,,,,0.0179496109485626
0.0,0.0,,,,,,0.003059446811676
0.0,0.0,,,,,,-0.0028892457485199
0.0,0.0,,,,,,0.0
0.0,0.0,,,,,,0.0106846392154694
0.0,0.0,,,,,,-0.0007019937038421
0.0,0.0,,,,,,-0.0170582234859467
1.0,1.0,BUF,00-0037288,C.Benford,5.0,Defensive Holding,0.0238040387630463
0.0,0.0,,,,,,0.0
0.0,0.0,,,,,,0.0765913128852844
0.0,0.0,,,,,,0.0
0.0,0.0,,,,,,-0.0930790603160858
0.0,0.0,,,,,,0.0228188037872314
0.0,0.0,,,,,,0.0031013488769531
0.0,0.0,,,,,,0.0254049897193909
0.0,0.0,,,,,,0.0132929086685181
0.0,0.0,,,,,,0.0521047711372376
0.0,0.0,,,,,,-0.0037460923194885
0.0,0.0,,,,,,-0.0107355713844299
0.0,0.0,,,,,,-0.0441727042198181
0.0,0.0,,,,,,-0.0156093835830688
0.0,0.0,,,,,,-0.0090905725955963
0.0,0.0,,,,,,-0.0077789723873138
0.0,0.0,,,,,,-0.0216147303581238
0.0,0.0,,,,,,-0.0380176603794098
0.0,0.0,,,,,,0.0342857539653778
0.0,0.0,,,,,,-0.010346531867981
0.0,0.0,,,,,,0.0443933606147766
0.0,1.0,BUF,00-0038933,D.Kincaid,10.0,Offensive Holding,-0.0354109406471252
0.0,0.0,,,,,,0.0149611234664917
1.0,1.0,DEN,00-0036221,B.Jones,15.0,Unnecessary Roughness,0.0298721790313721
0.0,0.0,,,,,,0.0009694695472717
0.0,0.0,,,,,,0.037190854549408
0.0,0.0,,,,,,-0.0067358016967773
0.0,0.0,,,,,,-0.018954873085022
0.0,0.0,,,,,,0.0192272067070007
0.0,0.0,,,,,,0.072211184527725
0.0,0.0,,,,,,0.0163181712962687
0.0,0.0,,,,,,0.0118600130081177
0.0,0.0,,,,,,-0.0115476474165916
0.0,0.0,,,,,,-0.0015339851379394
0.0,1.0,DEN,00-0039868,T.Franklin,5.0,False Start,-0.0149576887488365
0.0,0.0,,,,,,-0.0124784633517265
0.0,0.0,,,,,,-0.0068608671426773
0.0,0.0,,,,,,-0.0079328417778015
0.0,0.0,,,,,,0.0104013085365295
0.0,0.0,,,,,,0.0194602274100895
0.0,0.0,,,,,,2.33854402189593e-05
0.0,0.0,,,,,,-0.0014940677210688
0.0,0.0,,,,,,0.0005358131602406
0.0,0.0,,,,,,0.0023246277123689
0.0,0.0,,,,,,0.0036043152213096
0.0,0.0,,,,,,0.0026418026536703
0.0,0.0,,,,,,0.0
0.0,0.0,,,,,,-0.0047831274569034
0.0,0.0,,,,,,-0.0036094076931476
0.0,0.0,,,,,,0.0
0.0,0.0,,,,,,-0.0026972712948918
0.0,0.0,,,,,,-0.0094904033467173
0.0,0.0,,,,,,-0.0005452036857604
0.0,0.0,,,,,,0.0014159679412841
0.0,0.0,,,,,,0.0008009076118469
0.0,0.0,,,,,,-0.0005992650985717
0.0,0.0,,,,,,0.0005572438240051
0.0,0.0,,,,,,3.17692756652832e-05
0.0,0.0,,,,,,0.0001035928726196
0.0,0.0,,,,,,6.6220760345459e-05
0.0,0.0,,,,,,-0.0008184313774108
0.0,0.0,,,,,,0.0
0.0,1.0,BUF,00-0033555,M.Hollins,15.0,Taunting,0.0003451108932495
0.0,0.0,,,,,,0.0
0.0,1.0,BUF,,,5.0,Illegal Shift,-0.0005087852478027
0.0,0.0,,,,,,-0.0003162622451782
0.0,0.0,,,,,,0.0004863739013671
0.0,0.0,,,,,,0.0
0.0,0.0,,,,,,-0.0003195405006408
0.0,0.0,,,,,,0.0
0.0,0.0,,,,,,0.0010413038544356
0.0,0.0,,,,,,-4.84642514493316e-05
0.0,0.0,,,,,,-6.81707751937211e-06
0.0,0.0,,,,,,-4.06556064262986e-05
0.0,0.0,,,,,,-0.0001635165826883
0.0,0.0,,,,,,-6.95534108672291e-05
0.0,0.0,,,,,,-6.33001327514648e-05
0.0,0.0,,,,,,0.0001099705696105
0.0,0.0,,,,,,
0.0,0.0,,,,,,
0.0,0.0,,,,,,
0.0,0.0,,,,,,-0.0805058777332306
0.0,0.0,,,,,,0.0752109289169312
0.0,0.0,,,,,,-0.0104643702507019
0.0,0.0,,,,,,0.04176579996507
0.0,0.0,,,,,,0.0015750022276179
0.0,1.0,GB,00-0037306,J.FitzPatrick,10.0,Offensive Holding,-0.0122980922460556
0.0,0.0,,,,,,-0.010094478726387
0.0,0.0,,,,,,-0.011930838227272
0.0,0.0,,,,,,-0.0205329209566116
0.0,0.0,,,,,,0.0545308291912079
0.0,0.0,,,,,,-0.0034398436546325
0.0,0.0,,,,,,0.0563298463821411
0.0,0.0,,,,,,-0.0050421357154846
0.0,0.0,,,,,,0.0021575689315795
0.0,0.0,,,,,,-0.0277499556541443
0.0,0.0,,,,,,-0.012379989027977
0.0,0.0,,,,,,-0.0108867585659027
0.0,0.0,,,,,,0.0107082575559616
0.0,0.0,,,,,,0.028329074382782
0.0,0.0,,,,,,-0.0055836737155914
0.0,0.0,,,,,,-0.0038131177425384
0.0,0.0,,,,,,-0.065900132060051
0.0,0.0,,,,,,0.0057900995016098
0.0,0.0,,,,,,0.0239848494529724
0.0,0.0,,,,,,0.0161049962043762
0.0,0.0,,,,,,-0.0055186748504638
0.0,0.0,,,,,,-0.0059621930122375
0.0,0.0,,,,,,0.0244078636169434
0.0,0.0,,,,,,-0.0076977014541626
0.0,0.0,,,,,,0.0121259093284607
0.0,0.0,,,,,,-0.0061639547348022
0.0,0.0,,,,,,-0.0147668123245239
0.0,0.0,,,,,,-0.0199458599090576
0.0,0.0,,,,,,-0.0109690725803375
0.0,0.0,,,,,,0.0002098530530929
0.0,0.0,,,,,,-0.0081423819065094
0.0,0.0,,,,,,-0.0073729008436203
0.0,0.0,,,,,,-0.003611147403717
0.0,1.0,PHI,00-0036912,D.Smith,5.0,Illegal Motion,-0.007942259311676
0.0,0.0,,,,,,-0.0148742198944092
0.0,0.0,,,,,,-0.0171576142311096
0.0,1.0,PHI,00-0035099,K.Blasingame,5.0,False Start,-0.0057131052017211
0.0,0.0,,,,,,0.0155755430459976
0.0,0.0,,,,,,-0.0087406635284423
0.0,0.0,,,,,,0.0111539959907532
0.0,0.0,,,,,,-0.0081930011510849
0.0,0.0,,,,,,0.0086323767900466
0.0,0.0,,,,,,0.0275422781705856
0.0,0.0,,,,,,0.0006131827831268
0.0,0.0,,,,,,-0.0312080681324005
0.0,0.0,,,,,,0.0081805437803268
0.0,0.0,,,,,,0.0466906875371933
0.0,1.0,GB,00-0039819,T.Glover,5.0,Ineligible Downfield Pass,-0.0140281170606613
0.0,0.0,,,,,,-0.0032374113798141
0.0,0.0,,,,,,-0.031668558716774
0.0,0.0,,,,,,-0.0310886204242706
0.0,0.0,,,,,,-0.0395953208208084
0.0,0.0,,,,,,-0.0154632329940796
0.0,0.0,,,,,,-0.0131219625473022
0.0,0.0,,,,,,0.0098010897636413
0.0,1.0,PHI,00-0039002,S.Brown,5.0,Illegal Touch Kick,-0.0200632363557816
0.0,1.0,GB,00-0039819,T.Glover,10.0,Offensive Holding,-0.0170372724533081
0.0,0.0,,,,,,0.0174383372068405
0.0,1.0,GB,00-0039819,T.Glover,10.0,Offensive Holding,-0.012489452958107
0.0,0.0,,,,,,0.0026492327451705
0.0,0.0,,,,,,0.0115638226270676
0.0,0.0,,,,,,0.0152107328176498
0.0,0.0,,,,,,-0.0120703130960464
0.0,0.0,,,,,,-0.0870399326086044
0.0,0.0,,,,,,0.0016820430755615
0.0,0.0,,,,,,0.0
0.0,0.0,,,,,,-0.0144068002700806
0.0,0.0,,,,,,-0.0197866559028626
0.0,1.0,PHI,00-0034351,D.Goedert,5.0,False Start,-0.0047324299812316
0.0,0.0,,,,,,-0.0062768012285232
0.0,0.0,,,,,,
0.0,0.0,,,,,,0.0
0.0,0.0,,,,,,-0.003111720085144
0.0,0.0,,,,,,0.0319907069206238
0.0,0.0,,,,,,-0.0249634981155396
0.0,0.0,,,,,,-0.0244392156600952
0.0,0.0,,,,,,-0.0342099070549011
0.0,0.0,,,,,,0.0339985489845276
0.0,0.0,,,,,,0.0024136751890182
0.0,0.0,,,,,,-0.0144815295934677
0.0,0.0,,,,,,0.0117567628622055
0.0,0.0,,,,,,-0.0022706985473632
0.0,0.0,,,,,,-0.0027365833520889
0.0,0.0,,,,,,0.0591749250888825
0.0,0.0,,,,,,0.0244099199771881
0.0,1.0,GB,00-0038471,K.Telfort,10.0,Offensive Holding,-0.0436869114637375
0.0,0.0,,,,,,-0.0179812461137772
1.0,1.0,PHI,00-0039888,Q.Mitchell,24.0,Defensive Pass Interference,0.0787850022315979
0.0,0.0,,,,,,-0.0157735347747803
0.0,0.0,,,,,,-0.0208530277013779
0.0,0.0,,,,,,-0.0386998355388641
0.0,0.0,,,,,,-0.001776710152626
0.0,0.0,,,,,,0.0156741142272949
0.0,0.0,,,,,,0.0012146830558776
0.0,0.0,,,,,,-0.0044272541999816
0.0,0.0,,,,,,0.0364190936088562
0.0,0.0,,,,,,0.0217620134353638
0.0,0.0,,,,,,0.0433594414815961
0.0,0.0,,,,,,-0.0011830532774983
0.0,0.0,,,,,,-0.0044488683342933
0.0,0.0,,,,,,0.0196056738495827
0.0,0.0,,,,,,-0.0029166862368583
0.0,0.0,,,,,,0.0161179900169373
0.0,0.0,,,,,,-0.0136332511901855
0.0,0.0,,,,,,-0.0097632110118866
0.0,0.0,,,,,,0.0224345251917839
0.0,0.0,,,,,,-0.010520301759243
0.0,0.0,,,,,,0.0773075520992279
0.0,0.0,,,,,,0.0274326938176208
0.0,0.0,,,,,,0.0014670205330795
0.0,0.0,,,,,,0.0050716400146484
0.0,0.0,,,,,,0.0283479690551758
0.0,0.0,,,,,,-0.0046597719192504
0.0,0.0,,,,,,0.0116552710533142
0.0,0.0,,,,,,-0.0389693975448608
0.0,0.0,,,,,,0.0460636019706726
0.0,0.0,,,,,,-0.0079874992370605
1.0,1.0,GB,00-0035133,K.Nixon,15.0,Unnecessary Roughness,0.0359100699424744
0.0,0.0,,,,,,0.0126305222511292
0.0,0.0,,,,,,0.0053171515464782
0.0,1.0,PHI,00-0036912,D.Smith,10.0,Offensive Holding,-0.0057199001312255
0.0,0.0,,,,,,0.002565324306488
0.0,1.0,PHI,00-0030561,L.Johnson,10.0,Offensive Holding,-0.0119446516036987
0.0,0.0,,,,,,0.0
0.0,0.0,,,,,,0.009274423122406
0.0,0.0,,,,,,0.0044307112693786
0.0,0.0,,,,,,-0.0008012875914573
0.0,0.0,,,,,,-0.0052345097064971
0.0,0.0,,,,,,0.0148888006806374
0.0,0.0,,,,,,-0.023181639611721
0.0,0.0,,,,,,-0.0065684616565704
0.0,0.0,,,,,,-0.0309889353811741
0.0,0.0,,,,,,-0.0229027606546879
0.0,0.0,,,,,,-0.0023130178451538
0.0,0.0,,,,,,0.0
1.0,1.0,GB,00-0036642,T.Slaton,15.0,Unnecessary Roughness,0.007093608379364
0.0,0.0,,,,,,-0.0016841292381286
0.0,0.0,,,,,,0.0
0.0,0.0,,,,,,-0.0012809634208679
0.0,0.0,,,,,,-0.0074536204338073
0.0,0.0,,,,,,0.0
0.0,0.0,,,,,,-0.0003438964486122
0.0,0.0,,,,,,0.0062754787504673
0.0,0.0,,,,,,-0.0227084215730429
0.0,1.0,GB,00-0037076,S.Rhyan,10.0,Offensive Holding,-0.0018430054187774
0.0,0.0,,,,,,-0.0065303510054946
0.0,0.0,,,,,,0.0131423575803638
0.0,0.0,,,,,,0.0017066840082407
0.0,0.0,,,,,,-0.0237437225878239
0.0,0.0,,,,,,0.0011413097381591
0.0,0.0,,,,,,0.0002482533454895
0.0,0.0,,,,,,
0.0,0.0,,,,,,0.0
0.0,0.0,,,,,,-0.0158579647541046
0.0,0.0,,,,,,0.0375494062900543
0.0,0.0,,,,,,0.0075276494026184
0.0,0.0,,,,,,0.01800936460495
0.0,0.0,,,,,,0.0499753654003143
0.0,0.0,,,,,,0.0303167104721069
0.0,0.0,,,,,,-0.0153820514678955
0.0,0.0,,,,,,0.0098113417625427
0.0,0.0,,,,,,-0.0578805208206177
0.0,0.0,,,,,,-0.0092111825942993
0.0,0.0,,,,,,0.0092405676841735
0.0,0.0,,,,,,-0.137883126735687
0.0,0.0,,,,,,0.002403438091278
0.0,0.0,,,,,,0.0128054618835449
0.0,0.0,,,,,,-0.0391511917114258
0.0,0.0,,,,,,-0.0318966507911682
0.0,0.0,,,,,,-0.0042236447334289
0.0,0.0,,,,,,0.0462795794010162
0.0,0.0,,,,,,0.008891761302948
0.0,0.0,,,,,,0.0030679702758789
0.0,0.0,,,,,,-0.0175277292728424
0.0,0.0,,,,,,-0.0135462582111359
0.0,1.0,HOU,00-0035150,K.Boyd,15.0,Fair Catch Interference,-0.082534521818161
0.0,1.0,LAC,00-0037295,J.Salyer,5.0,Ineligible Downfield Pass,-0.0337149500846863
0.0,0.0,,,,,,-0.0163921713829041
1.0,1.0,HOU,00-0031565,D.Hunter,5.0,Defensive Holding,0.0553293824195862
0.0,0.0,,,,,,-0.0153362154960632
0.0,0.0,,,,,,-0.0205468535423279
0.0,0.0,,,,,,-0.0115898847579956
0.0,0.0,,,,,,-0.0723059773445129
0.0,0.0,,,,,,0.0221793949604034
0.0,0.0,,,,,,0.0174856781959534
0.0,0.0,,,,,,-0.0166374742984772
0.0,0.0,,,,,,-0.064087837934494
0.0,0.0,,,,,,0.0025084614753723
0.0,1.0,HOU,,,5.0,Delay of Game,-0.0094525814056396
0.0,0.0,,,,,,-0.0079701840877533
0.0,0.0,,,,,,0.0183761119842529
0.0,0.0,,,,,,0.0378329157829285
0.0,0.0,,,,,,-0.0050709247589111
0.0,0.0,,,,,,-0.0104336142539978
0.0,0.0,,,,,,-0.0269539356231689
0.0,0.0,,,,,,-0.0366825461387634
0.0,0.0,,,,,,-0.0004122257232666
0.0,0.0,,,,,,-0.0297902822494507
0.0,0.0,,,,,,-0.0813626646995544
0.0,0.0,,,,,,-0.111565172672272
0.0,0.0,,,,,,0.0151413083076477
0.0,0.0,,,,,,-0.015963077545166
0.0,0.0,,,,,,-0.0452102720737457
0.0,0.0,,,,,,-0.0093065500259399
0.0,0.0,,,,,,-0.0044169723987579
0.0,0.0,,,,,,-0.0172719955444336
0.0,0.0,,,,,,-0.0257681012153626
0.0,0.0,,,,,,0.0792348980903626
0.0,0.0,,,,,,-0.0043181777000427
0.0,0.0,,,,,,-0.017378032207489
0.0,0.0,,,,,,-0.0300804972648621
0.0,0.0,,,,,,-0.022342324256897
0.0,0.0,,,,,,0.0013898313045501
0.0,0.0,,,,,,-0.0319308638572693
0.0,0.0,,,,,,0.0487493872642517
0.0,0.0,,,,,,-0.0047529935836792
0.0,0.0,,,,,,0.0029885172843933
0.0,0.0,,,,,,-0.0156167149543762
0.0,1.0,HOU,00-0035234,T.Howard,11.0,Tripping,-0.0227926373481751
0.0,0.0,,,,,,-0.0218760073184967
0.0,0.0,,,,,,0.100356608629227
0.0,0.0,,,,,,-0.0162412822246552
0.0,0.0,,,,,,0.0828470289707184
0.0,0.0,,,,,,-0.0285640060901642
0.0,0.0,,,,,,0.0
0.0,0.0,,,,,,-0.0292936861515045
0.0,0.0,,,,,,0.164223284287099
0.0,0.0,,,,,,0.0018737308553421
0.0,0.0,,,,,,0.0003340542316436
0.0,0.0,,,,,,-0.0188125669956207
0.0,0.0,,,,,,-0.0248508751392365
0.0,0.0,,,,,,0.0
0.0,0.0,,,,,,-0.0399311184883118
0.0,0.0,,,,,,-0.0282505452632904
0.0,0.0,,,,,,0.0056275129318237
0.0,0.0,,,,,,0.0350771546363831
0.0,0.0,,,,,,0.0
0.0,0.0,,,,,,0.004347026348114
0.0,0.0,,,,,,0.0
0.0,0.0,,,,,,0.0023209452629089
0.0,0.0,,,,,,0.0
0.0,0.0,,,,,,-0.0410565435886383
0.0,0.0,,,,,,0.0080862939357757
0.0,0.0,,,,,,0.005293071269989
0.0,0.0,,,,,,0.0008653402328491
0.0,0.0,,,,,,0.0017946362495422
0.0,0.0,,,,,,0.0884290933609009
0.0,0.0,,,,,,-0.135643631219864
1.0,1.0,HOU,00-0037237,D.Stingley,15.0,Face Mask,0.0711285173892975
0.0,0.0,,,,,,0.0160201489925385
0.0,0.0,,,,,,-0.0240492820739746
0.0,0.0,,,,,,-0.04841548204422
0.0,0.0,,,,,,-0.0960212647914886
0.0,0.0,,,,,,0.0077539086341857
0.0,0.0,,,,,,0.0171425342559814
0.0,0.0,,,,,,0.0184487104415894
0.0,0.0,,,,,,0.0163073539733887
0.0,0.0,,,,,,0.0255914330482483
0.0,1.0,HOU,00-0035234,T.Howard,10.0,Offensive Holding,-0.0250120759010315
0.0,1.0,HOU,00-0033897,J.Mixon,15.0,Unnecessary Roughness,-0.0273880958557129
0.0,1.0,HOU,00-0039857,B.Fisher,10.0,Offensive Holding,-0.0332863330841064
0.0,1.0,LAC,00-0033156,J.Bosa,5.0,Defensive Offside,0.0113669633865356
0.0,0.0,,,,,,-0.0025534629821777
0.0,0.0,,,,,,0.0290505290031433
0.0,0.0,,,,,,-0.0015555173158645
0.0,0.0,,,,,,0.0014814734458923
0.0,0.0,,,,,,-0.0312286168336868
0.0,0.0,,,,,,0.0082497745752334
0.0,0.0,,,,,,-0.0516239106655121
0.0,0.0,,,,,,0.0077892690896987
0.0,0.0,,,,,,0.0072112679481506
0.0,0.0,,,,,,-0.0286855101585388
0.0,0.0,,,,,,-0.0151159167289734
0.0,0.0,,,,,,-0.0085256695747375
0.0,0.0,,,,,,-0.141393157935131
0.0,0.0,,,,,,0.0001971467375869
0.0,0.0,,,,,,0.0105612501502037
0.0,0.0,,,,,,-0.0106524676084518
0.0,0.0,,,,,,0.004210315644741
0.0,0.0,,,,,,0.0172575265169144
0.0,0.0,,,,,,-0.0592048242688179
0.0,0.0,,,,,,0.0068888664245605
0.0,0.0,,,,,,-0.0096269249916076
0.0,0.0,,,,,,-0.0053843259811401
0.0,0.0,,,,,,0.0102613884955645
0.0,0.0,,,,,,0.0041691232472658
0.0,0.0,,,,,,-0.0115372631698847
0.0,0.0,,,,,,-0.0040706833824515
0.0,0.0,,,,,,0.0725359750317961
0.0,0.0,,,,,,-0.0605067956599027
0.0,0.0,,,,,,0.0010234117507934
0.0,0.0,,,,,,-0.0020797252655029
0.0,0.0,,,,,,0.0060809254646301
0.0,0.0,,,,,,-0.0054987072944641
0.0,0.0,,,,,,0.006484568119049
0.0,0.0,,,,,,0.0098280310630798
0.0,0.0,,,,,,-0.0022324323654174
0.0,0.0,,,,,,0.002648115158081
0.0,0.0,,,,,,-4.59551811218262e-05
0.0,0.0,,,,,,0.003593623638153
0.0,0.0,,,,,,0.0008581280708312
0.0,0.0,,,,,,-0.0006484389305114
0.0,0.0,,,,,,0.0
0.0,0.0,,,,,,0.0003048181533813
0.0,0.0,,,,,,0.0
0.0,0.0,,,,,,0.0013153553009033
0.0,0.0,,,,,,0.0
0.0,0.0,,,,,,0.0022513552986174
0.0,0.0,,,,,,2.62985985637343e-05
0.0,0.0,,,,,,-7.03625846654177e-05
0.0,0.0,,,,,,7.23919365555048e-05
0.0,0.0,,,,,,3.7289981264621e-05
0.0,0.0,,,,,,-0.0001193089410662
0.0,0.0,,,,,,-0.0001760955783538
0.0,0.0,,,,,,-0.0001547284191474
0.0,0.0,,,,,,1.78813934326172e-06
0.0,0.0,,,,,,0.0001848936080932
0.0,0.0,,,,,,
0.0,0.0,,,,,,
0.0,0.0,,,,,,0.0062263011932373
0.0,0.0,,,,,,0.0319585800170898
0.0,0.0,,,,,,-0.0179151296615601
0.0,0.0,,,,,,0.0932011604309082
0.0,0.0,,,,,,-0.0210011005401611
0.0,0.0,,,,,,-0.0233117938041687
0.0,0.0,,,,,,0.0
0.0,0.0,,,,,,0.0043612122535705
1.0,1.0,MIN,00-0033093,J.Bullard,5.0,Neutral Zone Infraction,0.0577532052993774
0.0,0.0,,,,,,0.0199551524435552
0.0,0.0,,,,,,0.0018060861314265
0.0,0.0,,,,,,0.0060200691223144
0.0,0.0,,,,,,-0.0245362818241119
0.0,0.0,,,,,,-0.0258980691432953
0.0,0.0,,,,,,-0.0063271820545196
0.0,0.0,,,,,,0.0176956355571747
0.0,0.0,,,,,,0.0374979376792908
0.0,0.0,,,,,,0.0103927850723267
0.0,0.0,,,,,,0.0036165118217468
0.0,0.0,,,,,,0.0
0.0,0.0,,,,,,0.0236325860023499
0.0,1.0,LA,00-0039753,B.Limmer,15.0,Unnecessary Roughness,-0.0252435803413391
0.0,0.0,,,,,,-0.0255557894706726
0.0,0.0,,,,,,0.0059406161308288
0.0,0.0,,,,,,0.0108806043863297
0.0,0.0,,,,,,0.0050263255834579
0.0,0.0,,,,,,-0.0076842308044433
0.0,0.0,,,,,,0.0081418752670288
0.0,0.0,,,,,,0.0196952521800995
0.0,0.0,,,,,,0.0124420523643494
0.0,0.0,,,,,,0.0334007441997528
0.0,0.0,,,,,,-0.0320869386196136
0.0,0.0,,,,,,-0.0085715949535369
0.0,0.0,,,,,,-0.0002175271511077
0.0,0.0,,,,,,0.014337956905365
0.0,0.0,,,,,,0.00493985414505
0.0,0.0,,,,,,-0.0145640969276428
0.0,0.0,,,,,,-0.0222212076187134
0.0,0.0,,,,,,-0.0314892530441284
0.0,0.0,,,,,,0.0380370616912842
0.0,0.0,,,,,,0.0295882821083069
0.0,0.0,,,,,,0.0116590559482574
0.0,0.0,,,,,,-0.0686225295066834
0.0,0.0,,,,,,-0.0138315558433533
1.0,1.0,LA,00-0037633,J.Hummel,15.0,Roughing the Kicker,0.0774901509284973
0.0,0.0,,,,,,-0.0116117596626282
0.0,0.0,,,,,,-0.021599143743515
0.0,0.0,,,,,,-0.0632835626602173
0.0,1.0,LA,00-0036603,A.Jackson,10.0,Offensive Holding,-0.0258923768997192
0.0,0.0,,,,,,-0.0144248008728027
0.0,0.0,,,,,,0.0020017623901367
0.0,0.0,,,,,,-0.0041415095329284
0.0,0.0,,,,,,0.0026196241378784
0.0,0.0,,,,,,-0.0075735747814178
0.0,0.0,,,,,,0.0045512914657592
0.0,0.0,,,,,,0.0386484861373901
0.0,0.0,,,,,,0.0332885980606079
0.0,0.0,,,,,,0.0093706250190734
0.0,0.0,,,,,,-0.0309975743293762
0.0,0.0,,,,,,-0.184018239378929
0.0,0.0,,,,,,0.0
0.0,0.0,,,,,,0.0034457892179489
0.0,0.0,,,,,,-0.0090064853429794
0.0,0.0,,,,,,-0.0244099795818329
0.0,0.0,,,,,,0.040495976805687
0.0,0.0,,,,,,0.0009088367223739
0.0,0.0,,,,,,-0.0221083611249924
0.0,0.0,,,,,,-0.007056750357151
0.0,0.0,,,,,,-0.0455864891409874
0.0,0.0,,,,,,0.0050511360168457
0.0,0.0,,,,,,0.0
0.0,0.0,,,,,,-0.0001266598701477
0.0,0.0,,,,,,-0.002636969089508
0.0,0.0,,,,,,0.0064948797225952
0.0,0.0,,,,,,0.0179939799680006
0.0,0.0,,,,,,-0.0002418578340303
0.0,0.0,,,,,,-7.1454793214798e-05
0.0,0.0,,,,,,
0.0,0.0,,,,,,0.0038321986794471
0.0,0.0,,,,,,-0.0063279755413532
0.0,0.0,,,,,,0.0067236982285976
0.0,0.0,,,,,,-0.0011567845940589
0.0,0.0,,,,,,-0.0076000764966011
0.0,0.0,,,,,,-0.0081299319863319
0.0,0.0,,,,,,-0.0164895355701447
0.0,0.0,,,,,,-0.0028296709060668
0.0,0.0,,,,,,-0.0011008381843566
0.0,0.0,,,,,,0.0120201110839844
0.0,0.0,,,,,,0.0033917427062988
0.0,0.0,,,,,,-0.0024709105491638
0.0,0.0,,,,,,-0.0030004382133483
0.0,0.0,,,,,,0.0067754387855529
0.0,0.0,,,,,,0.0
0.0,0.0,,,,,,-0.0007376074790954
0.0,0.0,,,,,,0.0011142492294311
0.0,0.0,,,,,,-0.0053541660308837
0.0,0.0,,,,,,0.0165495299734175
0.0,0.0,,,,,,0.000648679677397
0.0,0.0,,,,,,-0.0002317940816283
0.0,0.0,,,,,,-0.0011652177199721
0.0,0.0,,,,,,0.0019042585045099
0.0,0.0,,,,,,-0.0010867402888834
1.0,1.0,LA,00-0037839,C.Durant,5.0,Defensive Holding,0.0024222745560109
0.0,0.0,,,,,,-0.001706420443952
0.0,0.0,,,,,,0.0253796709179879
0.0,0.0,,,,,,-0.0078342539668083
0.0,0.0,,,,,,0.0001206398010253
0.0,0.0,,,,,,0.0027512907981872
0.0,0.0,,,,,,0.0066215991973877
0.0,0.0,,,,,,-0.0006188154220581
0.0,0.0,,,,,,-0.0014342665672302
0.0,0.0,,,,,,-0.0051958560943603
0.0,0.0,,,,,,0.0054635442793369
0.0,0.0,,,,,,-0.0024594394490122
0.0,0.0,,,,,,0.0044771702960133
0.0,0.0,,,,,,-0.0016570333391428
0.0,0.0,,,,,,-0.0049691330641508
1.0,1.0,LA,00-0039834,K.Kinchens,15.0,Unnecessary Roughness,0.0090967435389757
0.0,0.0,,,,,,-0.0032765585929155
0.0,0.0,,,,,,0.0015788413584232
0.0,0.0,,,,,,0.0069201607257127
0.0,0.0,,,,,,-0.002437325194478
0.0,0.0,,,,,,-0.0035793557763099
0.0,0.0,,,,,,-0.0093093188479542
0.0,0.0,,,,,,-0.0047195376828312
1.0,1.0,MIN,00-0035276,B.Cashman,15.0,Face Mask,0.0013141632080078
0.0,0.0,,,,,,0.0026171207427978
0.0,1.0,LA,00-0039751,J.Whittington,10.0,Offensive Holding,-0.000210702419281
0.0,1.0,LA,00-0039074,D.Allen,10.0,Offensive Holding,-7.78436660766602e-05
0.0,1.0,LA,00-0036244,C.Parkinson,5.0,False Start,-1.82390213012695e-05
0.0,0.0,,,,,,-0.0013791322708129
0.0,0.0,,,,,,-0.0004530549049377
0.0,0.0,,,,,,0.001607596874237
0.0,0.0,,,,,,-0.0045792227610945
0.0,0.0,,,,,,-0.0008803992532193
0.0,0.0,,,,,,0.0013118120841682
0.0,0.0,,,,,,-0.0026161451824009
0.0,0.0,,,,,,-0.0030843175482004
0.0,0.0,,,,,,-0.0001123896799981
0.0,0.0,,,,,,-0.0012958059087395
1.0,1.0,LA,00-0037841,Q.Lake,5.0,Illegal Use of Hands,6.75802584737539e-05
0.0,0.0,,,,,,-0.0008270051330327
0.0,0.0,,,,,,-0.0001232445938512
0.0,0.0,,,,,,-0.0001706185867078
0.0,0.0,,,,,,-0.0001846419763751
0.0,0.0,,,,,,-0.0001032948493957
0.0,0.0,,,,,,0.0
0.0,0.0,,,,,,-4.92930412292481e-05
0.0,0.0,,,,,,0.0
0.0,0.0,,,,,,-0.0001041293144226
0.0,1.0,LA,,,5.0,Delay of Game,-3.69548797607422e-06
0.0,0.0,,,,,,0.0001091664889827
0.0,0.0,,,,,,-8.23682639747858e-05
0.0,0.0,,,,,,-0.0001108101569116
0.0,0.0,,,,,,-0.0001538375217933
0.0,0.0,,,,,,-0.0001671301142778
0.0,0.0,,,,,,-5.5330601753667e-05
0.0,0.0,,,,,,-2.28439166676253e-05
0.0,0.0,,,,,,
0.0,0.0,,,,,,
0.0,0.0,,,,,,-0.0111837983131409
0.0,0.0,,,,,,-0.0128026604652405
0.0,0.0,,,,,,0.0080600678920745
0.0,0.0,,,,,,0.0223471224308014
0.0,0.0,,,,,,-0.0179802179336548
0.0,0.0,,,,,,-0.0031874775886535
0.0,0.0,,,,,,-0.0354452729225159
0.0,0.0,,,,,,0.0188675224781036
0.0,0.0,,,,,,-0.0124137997627258
0.0,1.0,BAL,00-0032965,R.Stanley,4.0,False Start,-0.0063475966453552
0.0,0.0,,,,,,0.0063135027885437
0.0,0.0,,,,,,0.0203423500061035
0.0,0.0,,,,,,-0.0100924372673035
0.0,0.0,,,,,,0.0049092769622802
0.0,0.0,,,,,,0.0206125378608704
0.0,0.0,,,,,,0.0034669637680053
0.0,0.0,,,,,,0.0155376195907593
0.0,0.0,,,,,,0.0144019722938538
0.0,0.0,,,,,,0.0676617026329041
0.0,0.0,,,,,,-0.0104643702507019
0.0,0.0,,,,,,-0.023745059967041
0.0,0.0,,,,,,0.0642133976760889
0.0,0.0,,,,,,0.0015803549941991
0.0,0.0,,,,,,0.0002554506063461
0.0,0.0,,,,,,-0.0221613794565201
0.0,0.0,,,,,,0.0040771812200546
0.0,0.0,,,,,,-0.0106470435857773
0.0,1.0,PIT,00-0035795,J.Pierre,5.0,Illegal Touch Kick,-0.0106941759586334
0.0,0.0,,,,,,0.0060390830039978
0.0,0.0,,,,,,-0.025713324546814
0.0,0.0,,,,,,0.0529802441596985
0.0,0.0,,,,,,-0.0091750025749206
0.0,0.0,,,,,,-0.0271995067596436
0.0,0.0,,,,,,-0.01735919713974
0.0,0.0,,,,,,-0.0064615160226821
0.0,0.0,,,,,,0.0006810575723648
0.0,0.0,,,,,,0.0013413727283477
0.0,0.0,,,,,,-0.0349290817975998
0.0,0.0,,,,,,0.014688715338707
0.0,0.0,,,,,,-0.0066695213317871
0.0,0.0,,,,,,0.010088324546814
0.0,0.0,,,,,,0.0008761286735534
0.0,0.0,,,,,,0.0296128392219543
0.0,0.0,,,,,,-0.0115872025489807
0.0,0.0,,,,,,0.0094250440597534
0.0,0.0,,,,,,-0.0041916966438293
0.0,1.0,BAL,00-0032965,R.Stanley,5.0,False Start,-0.0087186098098754
1.0,1.0,PIT,00-0039167,J.Porter,5.0,Defensive Holding,0.0406871438026428
0.0,0.0,,,,,,-0.006911814212799
0.0,0.0,,,,,,0.013368546962738
0.0,0.0,,,,,,0.0045380592346191
0.0,0.0,,,,,,0.0150498151779175
0.0,0.0,,,,,,0.0166537935672455
0.0,0.0,,,,,,0.0001291682185478
0.0,0.0,,,,,,0.0008504688739776
0.0,0.0,,,,,,-0.001231350004673
0.0,0.0,,,,,,0.0079677551984787
0.0,0.0,,,,,,-0.0112005770206451
0.0,0.0,,,,,,-0.0039529278874397
0.0,0.0,,,,,,0.0
0.0,1.0,PIT,00-0037247,G.Pickens,10.0,Offensive Pass Interference,-0.0160748958587646
0.0,0.0,,,,,,0.0034075304865837
0.0,0.0,,,,,,-0.0094712674617767
0.0,0.0,,,,,,0.0005136132240295
0.0,0.0,,,,,,0.0004382133483886
0.0,0.0,,,,,,0.0
0.0,0.0,,,,,,0.0083208680152893
0.0,0.0,,,,,,0.0126772522926331
0.0,0.0,,,,,,0.0
0.0,0.0,,,,,,-0.0066750049591064
0.0,0.0,,,,,,0.0
0.0,0.0,,,,,,0.0124731063842773
0.0,0.0,,,,,,0.0051920413970947
0.0,0.0,,,,,,0.0048964023590087
0.0,0.0,,,,,,0.0
0.0,0.0,,,,,,0.0030546240004931
0.0,0.0,,,,,,-0.00020752618641
0.0,0.0,,,,,,0.0027525387704372
0.0,0.0,,,,,,
0.0,0.0,,,,,,-8.12411308288574e-05
0.0,0.0,,,,,,-0.0022026896476745
0.0,0.0,,,,,,0.0094287991523742
0.0,0.0,,,,,,-0.0016088485717773
0.0,0.0,,,,,,0.0023099780082702
0.0,0.0,,,,,,-0.0136845111846924
0.0,0.0,,,,,,0.0063944235444068
0.0,0.0,,,,,,-0.0025068577378988
0.0,0.0,,,,,,-0.0025835782289505
0.0,0.0,,,,,,0.0194675344973803
0.0,0.0,,,,,,0.0010364055633544
0.0,0.0,,,,,,-0.0015256702899932
0.0,0.0,,,,,,0.0150277987122536
0.0,0.0,,,,,,-0.0037969015538692
0.0,0.0,,,,,,-0.006038948893547
0.0,0.0,,,,,,0.0138643137225394
0.0,0.0,,,,,,0.0006171711674447
0.0,0.0,,,,,,0.0003035068511962
0.0,0.0,,,,,,-0.0082783699035644
0.0,0.0,,,,,,0.0253101587295532
0.0,0.0,,,,,,0.0030100345611572
0.0,0.0,,,,,,0.0116584243770449
0.0,0.0,,,,,,5.2364677587291e-05
0.0,0.0,,,,,,0.0030801743268966
0.0,0.0,,,,,,-0.0101896766573191
0.0,0.0,,,,,,-0.0006094686686992
0.0,0.0,,,,,,0.0049159582704305
0.0,0.0,,,,,,-0.0077866744250059
0.0,0.0,,,,,,0.0242535517958336
0.0,0.0,,,,,,0.0008646147849626
0.0,0.0,,,,,,0.0002281665802001
0.0,1.0,BAL,00-0039233,R.Rosengarten,5.0,False Start,-0.0026909708976745
0.0,0.0,,,,,,-0.0067899823188781
0.0,0.0,,,,,,0.0012254118919372
0.0,0.0,,,,,,-0.009996473789215
0.0,0.0,,,,,,-0.0010937303304672
0.0,1.0,PIT,00-0032954,I.Seumalo,5.0,False Start,-0.0095319151878356
0.0,0.0,,,,,,0.0151287466287613
0.0,0.0,,,,,,-0.0022781863808631
0.0,0.0,,,,,,0.0100513771176338
0.0,0.0,,,,,,-0.0116053745150566
0.0,0.0,,,,,,-0.0088308714330196
0.0,0.0,,,,,,-0.0154547430574894
0.0,0.0,,,,,,-0.0142534151673317
0.0,0.0,,,,,,0.0023135542869567
0.0,0.0,,,,,,-0.003053605556488
0.0,0.0,,,,,,0.0043092966079711
0.0,0.0,,,,,,-0.0016674995422363
0.0,0.0,,,,,,0.0024404525756835
0.0,0.0,,,,,,-0.0117284655570984
1.0,1.0,PIT,,,5.0,Defensive Too Many Men on Field,0.01602703332901
0.0,0.0,,,,,,0.0006965994834899
0.0,0.0,,,,,,-0.0012101531028747
0.0,0.0,,,,,,-0.00600266456604
0.0,0.0,,,,,,-0.0065912306308746
0.0,0.0,,,,,,0.0027706958353519
0.0,0.0,,,,,,0.0027289129793644
0.0,0.0,,,,,,0.0174514763057232
0.0,0.0,,,,,,-0.00515953078866
0.0,1.0,PIT,00-0036893,N.Harris,5.0,False Start,-0.0076778382062912
0.0,0.0,,,,,,-0.0140942074358463
0.0,0.0,,,,,,-0.0040691383183002
0.0,0.0,,,,,,-0.0226699784398079
0.0,0.0,,,,,,-0.0025362968444824
0.0,0.0,,,,,,0.0010845065116882
0.0,0.0,,,,,,0.0025036931037902
0.0,0.0,,,,,,0.0011578202247619
1.0,1.0,PIT,00-0039167,J.Porter,6.0,Defensive Holding,-0.000422179698944
0.0,0.0,,,,,,0.0015004873275756
0.0,0.0,,,,,,0.0006769299507141
0.0,0.0,,,,,,0.0001604557037353
0.0,0.0,,,,,,0.0
0.0,0.0,,,,,,0.0005092024803161
0.0,0.0,,,,,,0.0
0.0,0.0,,,,,,0.0003721714019775
0.0,0.0,,,,,,
0.0,0.0,,,,,,0.0062263011932373
0.0,0.0,,,,,,0.0200852751731873
0.0,0.0,,,,,,-0.0180367827415466
0.0,0.0,,,,,,-0.0358362197875977
0.0,0.0,,,,,,0.113675355911255
0.0,0.0,,,,,,-0.0123127102851868
0.0,0.0,,,,,,-0.0345044136047363
0.0,0.0,,,,,,-0.0440660119056702
0.0,0.0,,,,,,0.0521393418312073
0.0,0.0,,,,,,0.0128938555717468
0.0,0.0,,,,,,-0.0163362920284271
0.0,0.0,,,,,,-0.0057657361030578
0.0,0.0,,,,,,0.138750106096268
0.0,0.0,,,,,,-0.0140466690063477
0.0,0.0,,,,,,-0.0060117244720459
0.0,0.0,,,,,,-0.0240779221057892
0.0,0.0,,,,,,-0.130736976861954
0.0,0.0,,,,,,-0.0021193027496337
0.0,0.0,,,,,,0.0295558571815491
0.0,0.0,,,,,,0.0279201865196228
0.0,0.0,,,,,,-0.0157836675643921
0.0,0.0,,,,,,-0.032223105430603
0.0,0.0,,,,,,-0.032355785369873
0.0,0.0,,,,,,0.009150356054306
0.0,0.0,,,,,,-0.0086769759654998
0.0,0.0,,,,,,-0.0144494473934174
0.0,0.0,,,,,,0.047855943441391
0.0,0.0,,,,,,0.0348107218742371
0.0,0.0,,,,,,-0.0027687549591064
0.0,0.0,,,,,,0.0441789329051971
0.0,0.0,,,,,,0.0423721373081207
0.0,0.0,,,,,,0.0055965781211853
0.0,0.0,,,,,,-0.0136919021606445
0.0,0.0,,,,,,-0.0250641107559204
0.0,0.0,,,,,,0.0
0.0,0.0,,,,,,0.0539348125457764
0.0,0.0,,,,,,0.0054921507835388
0.0,0.0,,,,,,-0.0242986679077148
0.0,0.0,,,,,,0.0
0.0,0.0,,,,,,0.0207066535949707
0.0,0.0,,,,,,-0.0128181576728821
0.0,0.0,,,,,,-0.0249436497688293
0.0,1.0,TB,00-0039068,Y.Diaby,8.0,Roughing the Passer,0.110303617517449
0.0,0.0,,,,,,0.002852462728523
0.0,0.0,,,,,,0.0059532225131988
0.0,0.0,,,,,,-0.0183720290660858
0.0,1.0,TB,00-0039361,B.Irving,15.0,Chop Block,-0.0264847874641418
0.0,0.0,,,,,,-0.0195990204811096
0.0,0.0,,,,,,-0.0150766968727112
0.0,0.0,,,,,,0.0303362011909485
0.0,0.0,,,,,,0.0172165036201477
0.0,0.0,,,,,,-0.0223758816719055
0.0,0.0,,,,,,0.0242494940757751
0.0,0.0,,,,,,0.0146017670631409
0.0,0.0,,,,,,0.0339053273200989
0.0,0.0,,,,,,0.0039772987365722
0.0,0.0,,,,,,-0.01734858751297
1.0,1.0,TB,00-0037268,Z.McCollum,5.0,Defensive Holding,0.0349875092506409
0.0,0.0,,,,,,-0.0053286552429199
0.0,0.0,,,,,,-0.0190586447715759
0.0,0.0,,,,,,-0.0398640036582947
0.0,0.0,,,,,,0.0266495048999786
0.0,0.0,,,,,,0.0
0.0,0.0,,,,,,-0.015710175037384
0.0,0.0,,,,,,-0.0140868723392487
0.0,0.0,,,,,,0.0747050642967224
0.0,0.0,,,,,,0.0032664537429809
0.0,0.0,,,,,,0.0156413912773132
0.0,0.0,,,,,,0.0094293653964996
0.0,0.0,,,,,,0.0
1.0,1.0,WAS,00-0033874,M.Lattimore,11.0,Defensive Pass Interference,0.0520664155483246
0.0,0.0,,,,,,0.0818264797023749
0.0,0.0,,,,,,0.0064454660125756
0.0,0.0,,,,,,0.0
0.0,0.0,,,,,,
0.0,0.0,,,,,,0.0003427267074584
0.0,0.0,,,,,,0.0350689888000488
0.0,0.0,,,,,,-0.0477520823478699
0.0,0.0,,,,,,0.0399063229560852
0.0,0.0,,,,,,-0.0107490718364716
0.0,0.0,,,,,,0.105676501989365
0.0,0.0,,,,,,0.0559406876564026
0.0,0.0,,,,,,-0.0144333839416504
0.0,0.0,,,,,,-0.0234919190406799
0.0,0.0,,,,,,-0.0594975352287293
0.0,0.0,,,,,,0.0127024054527283
0.0,0.0,,,,,,0.0068203210830688
1.0,1.0,WAS,00-0034373,D.Armstrong,15.0,Face Mask,0.0290252268314362
0.0,0.0,,,,,,-0.0037490129470825
0.0,1.0,TB,00-0038129,C.Otton,5.0,False Start,-0.0156887471675873
0.0,0.0,,,,,,-0.0095325708389282
0.0,0.0,,,,,,0.0968784689903259
0.0,0.0,,,,,,0.0387215614318848
0.0,1.0,TB,,,5.0,Offensive Too Many Men on Field,-0.0253841876983643
0.0,0.0,,,,,,0.0421869158744812
0.0,0.0,,,,,,0.0368354916572571
0.0,0.0,,,,,,-0.0368354916572571
1.0,1.0,WAS,00-0036287,N.Igbinoghene,3.0,Defensive Holding,0.0368354916572571
0.0,0.0,,,,,,-0.0302403569221497
0.0,0.0,,,,,,0.0634679200210069
0.0,0.0,,,,,,0.0023106632671858
0.0,0.0,,,,,,0.0053053200244903
1.0,1.0,TB,00-0035699,J.Dean,5.0,Defensive Holding,0.0055176019668579
0.0,0.0,,,,,,-0.000894546508789
0.0,0.0,,,,,,0.0632492005825043
0.0,0.0,,,,,,0.0041640698909759
0.0,1.0,WAS,00-0033831,A.Wylie,5.0,Ineligible Downfield Pass,-0.0321041643619537
0.0,0.0,,,,,,0.0028695464134216
0.0,0.0,,,,,,-0.0561533570289612
0.0,0.0,,,,,,0.17299297451973
0.0,0.0,,,,,,-0.0130075514316559
0.0,1.0,WAS,00-0030061,Z.Ertz,5.0,False Start,-0.0392275154590607
0.0,0.0,,,,,,-0.0037716329097747
1.0,1.0,TB,00-0037268,Z.McCollum,22.0,Defensive Pass Interference,0.13975664973259
0.0,0.0,,,,,,-0.011269748210907
0.0,0.0,,,,,,-0.0641090869903565
0.0,0.0,,,,,,-0.04836705327034
0.0,0.0,,,,,,-0.192591220140457
0.0,0.0,,,,,,-0.0138522386550903
0.0,0.0,,,,,,-0.0237516164779663
0.0,0.0,,,,,,0.0442296266555786
0.0,0.0,,,,,,-0.240083962678909
0.0,0.0,,,,,,0.0
0.0,0.0,,,,,,-0.033205658197403
0.0,0.0,,,,,,0.0130313634872437
0.0,0.0,,,,,,-0.0379178524017334
0.0,0.0,,,,,,0.150829488649098
0.0,0.0,,,,,,0.0033659094431722
0.0,0.0,,,,,,0.0
0.0,0.0,,,,,,0.0555703639984131
0.0,0.0,,,,,,0.0247519612312317
0.0,0.0,,,,,,-0.0164262056350708
0.0,0.0,,,,,,0.121080309152603
0.0,0.0,,,,,,0.080379843711853
0.0,0.0,,,,,,-0.0402496457099915
0.0,0.0,,,,,,-0.116293907165527
0.0,0.0,,,,,,0.455546602606773
0.0,0.0,,,,,,0.0059767365455627
0.0,0.0,,,,,,-0.003263235092163
0.0,0.0,,,,,,-0.0272506773471832
0.0,0.0,,,,,,0.125704556703568
0.0,0.0,,,,,,0.0298711061477661
0.0,0.0,,,,,,0.111589074134827
0.0,0.0,,,,,,0.0
0.0,0.0,,,,,,0.0849260687828064
0.0,0.0,,,,,,-0.0113469362258911
0.0,0.0,,,,,,0.0
0.0,0.0,,,,,,0.0
0.0,0.0,,,,,,0.0323725938796997
0.0,0.0,,,,,,0.0
0.0,0.0,,,,,,
0.0,0.0,,,,,,0.0
0.0,0.0,,,,,,0.183716118335724
0.0,0.0,,,,,,0.0
0.0,0.0,,,,,,-0.0158579647541046
0.0,0.0,,,,,,-0.0254094004631043
0.0,0.0,,,,,,0.0629588067531586
0.0,0.0,,,,,,-0.0181179344654083
0.0,0.0,,,,,,0.123947024345398
0.0,0.0,,,,,,-0.0153820514678955
0.0,0.0,,,,,,-0.0102529525756836
0.0,0.0,,,,,,0.077301225670081
0.0,0.0,,,,,,0.0017358148019496
0.0,0.0,,,,,,0.0088051259517669
0.0,0.0,,,,,,-0.0160029828548431
0.0,0.0,,,,,,-0.0103961825370789
0.0,0.0,,,,,,0.0833678245544434
0.0,0.0,,,,,,0.0390940010547638
0.0,0.0,,,,,,-0.0197541415691376
0.0,0.0,,,,,,-0.0616121888160706
0.0,0.0,,,,,,0.0773106813430786
0.0,0.0,,,,,,0.019145280122757
0.0,0.0,,,,,,-0.0097542703151702
0.0,0.0,,,,,,0.0122204124927521
0.0,0.0,,,,,,0.0460956716545449
0.0,0.0,,,,,,0.0039356327048911
0.0,0.0,,,,,,0.0020856857299804
0.0,0.0,,,,,,-0.0280374586582184
0.0,0.0,,,,,,-0.0631205141544342
0.0,0.0,,,,,,0.007450520992279
0.0,0.0,,,,,,-0.0284864902496338
0.0,1.0,BUF,00-0033904,D.Dawkins,10.0,Offensive Holding,-0.0043109059333801
0.0,1.0,BAL,00-0036940,O.Oweh,5.0,Neutral Zone Infraction,0.000429093837738
0.0,0.0,,,,,,-0.0353202223777771
0.0,0.0,,,,,,-0.0234494805335999
0.0,0.0,,,,,,0.0217216908931732
0.0,0.0,,,,,,0.0105607807636261
0.0,0.0,,,,,,0.0153233706951141
0.0,0.0,,,,,,0.0201639533042908
0.0,0.0,,,,,,0.0252529084682465
0.0,0.0,,,,,,-0.0331533253192902
0.0,0.0,,,,,,-0.0147017240524292
0.0,0.0,,,,,,0.113566845655441
0.0,0.0,,,,,,-0.0154373645782471
0.0,0.0,,,,,,-0.240716636180878
0.0,0.0,,,,,,-0.0088123083114624
0.0,0.0,,,,,,0.025483250617981
0.0,0.0,,,,,,0.0094482898712158
0.0,0.0,,,,,,0.0239334090711699
0.0,0.0,,,,,,0.0015716270444764
0.0,0.0,,,,,,0.0117368698120117
0.0,0.0,,,,,,0.0190108716487885
0.0,0.0,,,,,,0.001866728067398
0.0,0.0,,,,,,-0.0086038410663604
0.0,0.0,,,,,,0.0
0.0,0.0,,,,,,0.0102262198925018
0.0,0.0,,,,,,0.0931777060031891
0.0,0.0,,,,,,-0.0151917636394501
0.0,0.0,,,,,,-0.0399653911590576
0.0,0.0,,,,,,-0.0402894020080566
0.0,0.0,,,,,,-0.0135080516338348
0.0,0.0,,,,,,0.0070963501930236
0.0,0.0,,,,,,0.0207971930503845
0.0,0.0,,,,,,0.0183240175247192
0.0,0.0,,,,,,0.0299676060676575
0.0,0.0,,,,,,-0.0104463696479797
0.0,0.0,,,,,,0.0062921047210693
0.0,0.0,,,,,,0.0
0.0,0.0,,,,,,-0.0147942304611206
0.0,0.0,,,,,,0.0
1.0,1.0,BAL,00-0033884,T.White,18.0,Defensive Pass Interference,0.034883439540863
0.0,0.0,,,,,,-1.04308128356934e-05
0.0,0.0,,,,,,0.0025718808174133
0.0,0.0,,,,,,0.0
0.0,0.0,,,,,,0.0361862425224287
0.0,0.0,,,,,,0.0012229289396302
0.0,0.0,,,,,,0.0001560151576995
0.0,0.0,,,,,,
0.0,0.0,,,,,,0.0
0.0,0.0,,,,,,-0.0025334954261779
0.0,0.0,,,,,,-0.0123124122619629
0.0,0.0,,,,,,-0.0214881896972656
0.0,0.0,,,,,,-0.0094472020864486
0.0,0.0,,,,,,-0.0147975385189056
0.0,0.0,,,,,,-0.0037354230880737
0.0,0.0,,,,,,0.0314419716596603
0.0,0.0,,,,,,0.0049694180488586
0.0,0.0,,,,,,0.0139574855566025
0.0,0.0,,,,,,-0.0280619412660599
0.0,0.0,,,,,,-0.0143220722675323
0.0,1.0,BAL,,,5.0,Delay of Game,-0.0093016624450683
0.0,0.0,,,,,,-0.0207482278347015
0.0,0.0,,,,,,0.0251012146472931
0.0,0.0,,,,,,0.004143476486206
0.0,0.0,,,,,,0.0129715800285339
0.0,0.0,,,,,,-0.0072718858718872
0.0,0.0,,,,,,0.026994526386261
0.0,0.0,,,,,,-0.0088545680046081
0.0,0.0,,,,,,-0.0069160461425781
0.0,0.0,,,,,,-0.0357933044433594
0.0,0.0,,,,,,-0.0052996426820755
0.0,0.0,,,,,,0.0051903277635574
0.0,0.0,,,,,,-0.0057564079761505
0.0,0.0,,,,,,0.0380754917860031
0.0,0.0,,,,,,0.0176438093185425
0.0,0.0,,,,,,0.0437719374895096
0.0,0.0,,,,,,0.0312988460063934
0.0,0.0,,,,,,0.0583048815429211
0.0,0.0,,,,,,-0.0671643073260785
0.0,0.0,,,,,,0.0066937804222106
0.0,0.0,,,,,,0.0252736210823059
0.0,0.0,,,,,,-0.0303471684455872
0.0,0.0,,,,,,0.0331510901451111
0.0,0.0,,,,,,0.0227473974227905
0.0,0.0,,,,,,-0.0052659511566162
0.0,0.0,,,,,,0.0306280255317688
0.0,0.0,,,,,,-0.0171248316764832
0.0,0.0,,,,,,-0.02689528465271
0.0,0.0,,,,,,-0.0356611013412476
0.0,0.0,,,,,,0.0139809846878052
0.0,0.0,,,,,,0.0048180520534515
0.0,0.0,,,,,,-0.0134925544261932
0.0,0.0,,,,,,0.0073839128017425
0.0,0.0,,,,,,-0.038019597530365
0.0,0.0,,,,,,0.0430259108543396
0.0,0.0,,,,,,-0.0576330274343491
0.0,0.0,,,,,,-0.0525171607732773
0.0,0.0,,,,,,0.0217615365982056
1.0,1.0,BAL,00-0038142,D.Ojabo,5.0,Illegal Use of Hands,0.0192682147026062
0.0,0.0,,,,,,-0.0002086162567138
0.0,0.0,,,,,,0.0359790921211243
0.0,0.0,,,,,,-0.012785017490387
0.0,0.0,,,,,,0.0286476612091064
0.0,0.0,,,,,,0.0040661096572876
0.0,0.0,,,,,,-0.0055258870124816
0.0,0.0,,,,,,0.0
0.0,0.0,,,,,,0.013394832611084
0.0,0.0,,,,,,0.0
0.0,0.0,,,,,,-0.02448970079422
0.0,0.0,,,,,,0.0
0.0,0.0,,,,,,0.0216486379504204
0.0,1.0,BAL,00-0034787,C.Board,10.0,Offensive Holding,-0.0177290141582489
0.0,0.0,,,,,,-0.0061332210898399
0.0,0.0,,,,,,0.0119938850402832
0.0,0.0,,,,,,0.0013204254209995
0.0,0.0,,,,,,-0.0087157152593135
0.0,0.0,,,,,,0.0520925596356392
0.0,0.0,,,,,,-0.0046102032065391
0.0,0.0,,,,,,0.0389330759644508
0.0,0.0,,,,,,0.0673693764507771
0.0,0.0,,,,,,-0.133947183519602
0.0,0.0,,,,,,0.0199931263923645
0.0,0.0,,,,,,0.0067278146743774
0.0,0.0,,,,,,0.0
0.0,0.0,,,,,,
0.0,0.0,,,,,,
0.0,1.0,HOU,00-0035150,K.Boyd,13.0,Unsportsmanlike Conduct,0.12190979719162
0.0,0.0,,,,,,-0.0213617086410522
0.0,0.0,,,,,,-0.0253008604049683
0.0,0.0,,,,,,-0.0394529700279236
0.0,0.0,,,,,,0.0115758776664734
0.0,0.0,,,,,,-0.0109742879867554
0.0,0.0,,,,,,0.0009683370590209
0.0,0.0,,,,,,0.0168913006782532
0.0,0.0,,,,,,0.104870617389679
0.0,0.0,,,,,,-0.008768081665039
0.0,0.0,,,,,,-0.009022057056427
0.0,0.0,,,,,,0.0435695648193359
0.0,0.0,,,,,,-0.0117436051368713
0.0,0.0,,,,,,-0.0249359011650085
0.0,0.0,,,,,,-0.0296830534934998
0.0,0.0,,,,,,-0.0238026976585388
0.0,0.0,,,,,,0.0062263011932373
0.0,0.0,,,,,,0.0109421610832214
0.0,0.0,,,,,,-0.0170683860778809
0.0,1.0,KC,00-0035237,J.Taylor,5.0,False Start,-0.0276615023612976
1.0,1.0,HOU,00-0039108,W.Anderson,15.0,Roughing the Passer,0.0657463073730469
0.0,0.0,,,,,,0.0648809671401978
0.0,0.0,,,,,,-0.0142989754676819
0.0,0.0,,,,,,0.0516542196273804
0.0,0.0,,,,,,-0.0459253191947937
0.0,0.0,,,,,,-0.0254765152931213
0.0,0.0,,,,,,-0.0396589040756226
0.0,0.0,,,,,,0.014723926782608
0.0,0.0,,,,,,0.0069019496440887
0.0,0.0,,,,,,-0.0163034796714783
0.0,0.0,,,,,,0.0045312345027923
0.0,0.0,,,,,,0.0730589628219605
0.0,0.0,,,,,,-0.0168067514896393
0.0,0.0,,,,,,-0.0333223342895508
0.0,0.0,,,,,,-0.0633500218391419
0.0,0.0,,,,,,0.0011321902275085
0.0,0.0,,,,,,-0.0123095512390137
0.0,0.0,,,,,,-0.0131648182868958
0.0,0.0,,,,,,0.0536105036735535
0.0,0.0,,,,,,0.0226755142211914
0.0,0.0,,,,,,-0.0047240853309631
0.0,0.0,,,,,,-0.0203953981399536
0.0,0.0,,,,,,-0.0630984306335449
0.0,0.0,,,,,,0.0079719722270965
0.0,0.0,,,,,,0.018563985824585
0.0,0.0,,,,,,-0.0087644755840301
0.0,0.0,,,,,,-0.0261518657207489
0.0,0.0,,,,,,0.123174637556076
0.0,0.0,,,,,,0.0083022713661193
0.0,0.0,,,,,,-0.017899215221405
0.0,0.0,,,,,,-0.0463516116142273
0.0,0.0,,,,,,-0.121893048286438
0.0,0.0,,,,,,-0.0162639021873474
0.0,0.0,,,,,,0.0988441109657288
0.0,0.0,,,,,,-0.005020797252655
0.0,0.0,,,,,,0.0135246515274048
0.0,0.0,,,,,,0.017005428070316
0.0,0.0,,,,,,0.0004981315190699
0.0,0.0,,,,,,0.0048489272594451
0.0,0.0,,,,,,-0.0113680213689804
0.0,0.0,,,,,,-0.0030846148729324
0.0,0.0,,,,,,0.0384328067302704
0.0,0.0,,,,,,-0.0145726501941681
0.0,0.0,,,,,,0.0607783794403076
0.0,0.0,,,,,,-0.0010184347629547
0.0,0.0,,,,,,-0.0699201375246048
0.0,0.0,,,,,,0.0
0.0,1.0,HOU,00-0031580,S.Mason,10.0,Offensive Holding,-0.0167239755392075
0.0,0.0,,,,,,-0.0091603547334671
0.0,0.0,,,,,,0.0
0.0,0.0,,,,,,0.0427810102701187
0.0,0.0,,,,,,0.0
0.0,0.0,,,,,,
0.0,1.0,HOU,00-0034355,M.Stewart,10.0,Offensive Holding,-0.0084964036941528
0.0,0.0,,,,,,-0.010408416390419
0.0,0.0,,,,,,0.0041275024414062
0.0,0.0,,,,,,0.0240471512079239
0.0,0.0,,,,,,0.0134142339229584
0.0,0.0,,,,,,0.0121727287769318
0.0,1.0,HOU,00-0034383,D.Schultz,5.0,False Start,-0.0247063040733337
0.0,0.0,,,,,,-0.0324239730834961
0.0,0.0,,,,,,0.018281951546669
0.0,0.0,,,,,,0.0316176563501358
0.0,0.0,,,,,,0.0187487304210663
0.0,0.0,,,,,,-0.008796602487564
0.0,0.0,,,,,,0.0429276525974274
0.0,1.0,HOU,00-0034383,D.Schultz,10.0,Offensive Pass Interference,-0.0416015386581421
0.0,0.0,,,,,,-0.0016161203384399
0.0,0.0,,,,,,0.0343290269374847
0.0,1.0,HOU,00-0034970,I.Smith,4.0,Illegal Motion,-0.0143573880195618
0.0,0.0,,,,,,0.0251776874065399
0.0,0.0,,,,,,0.0984921161802515
0.0,0.0,,,,,,-0.0800636415155634
0.0,1.0,KC,00-0038043,J.Williams,10.0,Offensive Holding,-0.0064332485198974
0.0,1.0,KC,00-0036660,T.Smith,9.0,Offensive Holding,-0.0247067809104919
0.0,0.0,,,,,,0.0098653435707092
0.0,0.0,,,,,,-0.0217499732971191
0.0,0.0,,,,,,0.0653974413871765
1.0,1.0,HOU,00-0038599,H.To'oTo'o,15.0,Unnecessary Roughness,0.0304685235023499
0.0,0.0,,,,,,0.0058588981628418
0.0,0.0,,,,,,-0.0303549766540527
0.0,0.0,,,,,,-0.0439051985740662
0.0,0.0,,,,,,0.0871222615242004
0.0,0.0,,,,,,0.0319503545761108
0.0,0.0,,,,,,0.0354267358779907
0.0,0.0,,,,,,-0.0451595187187195
0.0,0.0,,,,,,-0.0178738236427307
0.0,0.0,,,,,,0.115797056038374
0.0,0.0,,,,,,0.0006721185851149
0.0,0.0,,,,,,0.0173014849424362
0.0,0.0,,,,,,-0.0223652869462967
0.0,0.0,,,,,,0.0336936712265015
0.0,0.0,,,,,,-0.0139664858579636
0.0,0.0,,,,,,-0.0177645534276962
0.0,0.0,,,,,,-0.0373695865273476
0.0,0.0,,,,,,-0.0512525960803032
0.0,0.0,,,,,,-0.0128979086875916
0.0,0.0,,,,,,-0.0020266771316528
0.0,0.0,,,,,,-0.018651008605957
0.0,0.0,,,,,,0.0023572742938995
0.0,0.0,,,,,,0.0007562041282653
0.0,0.0,,,,,,-0.0082897171378135
0.0,0.0,,,,,,-0.0207766517996788
0.0,0.0,,,,,,-0.0154976099729538
0.0,0.0,,,,,,-0.0018132328987121
0.0,0.0,,,,,,0.0181645750999451
0.0,0.0,,,,,,0.0053296089172363
0.0,0.0,,,,,,-0.0049754977226257
0.0,0.0,,,,,,-0.0027142763137817
0.0,0.0,,,,,,0.0
0.0,0.0,,,,,,0.0040477514266967
0.0,0.0,,,,,,-0.0123694576323032
0.0,0.0,,,,,,0.0083395689725875
0.0,0.0,,,,,,-0.0234219990670681
0.0,0.0,,,,,,-0.0005505047738552
0.0,1.0,KC,00-0036378,M.Danna,5.0,Neutral Zone Infraction,0.0061878338456153
0.0,0.0,,,,,,0.0152995698153973
0.0,0.0,,,,,,-0.0196000523865223
0.0,0.0,,,,,,-0.0105437822639942
0.0,0.0,,,,,,0.0291910357773304
0.0,0.0,,,,,,0.0073515027761459
0.0,0.0,,,,,,-0.0025251060724258
0.0,0.0,,,,,,-0.0233361683785915
0.0,0.0,,,,,,-0.0158136822283268
0.0,0.0,,,,,,0.0
0.0,0.0,,,,,,-0.0184026621282101
0.0,0.0,,,,,,-0.0004728436470031
0.0,0.0,,,,,,0.0
0.0,0.0,,,,,,
0.0,0.0,,,,,,
0.0,0.0,,,,,,0.0
0.0,0.0,,,,,,-0.0039302776567637
0.0,0.0,,,,,,-0.0008713817223906
0.0,0.0,,,,,,
0.0,0.0,,,,,,0.0
0.0,0.0,,,,,,0.0263115763664246
0.0,0.0,,,,,,-0.0053814649581909
0.0,0.0,,,,,,0.0007819533348083
0.0,0.0,,,,,,0.0164728164672852
0.0,0.0,,,,,,-0.0090774893760681
0.0,0.0,,,,,,0.122146491068438
0.0,0.0,,,,,,-0.0245589950261869
0.0,0.0,,,,,,0.0118136405944824
0.0,0.0,,,,,,-0.0149507522583008
0.0,0.0,,,,,,-0.0107344686985016
0.0,0.0,,,,,,0.0466130375862122
0.0,0.0,,,,,,0.0316645801067352
0.0,0.0,,,,,,-0.0133451521396637
0.0,0.0,,,,,,0.0395966172218323
0.0,0.0,,,,,,-0.0096468925476074
0.0,0.0,,,,,,-0.0183509290218353
0.0,0.0,,,,,,-0.0152592062950134
0.0,0.0,,,,,,0.0620509386062622
0.0,0.0,,,,,,-0.0164341926574707
0.0,0.0,,,,,,-0.0185246467590332
0.0,0.0,,,,,,0.0631372448277007
0.0,0.0,,,,,,0.0009976807761659
0.0,0.0,,,,,,0.0123870968818665
0.0,0.0,,,,,,0.0011467337608337
0.0,0.0,,,,,,-0.0272115468978882
0.0,0.0,,,,,,-0.0801031887531281
0.0,0.0,,,,,,-0.0273941457271576
0.0,0.0,,,,,,0.0047565102577209
0.0,0.0,,,,,,-0.0345929861068726
0.0,0.0,,,,,,-0.0318235158920288
0.0,0.0,,,,,,-0.0525199770927429
1.0,1.0,LA,00-0033783,A.Witherspoon,15.0,Unnecessary Roughness,0.0158715844154358
0.0,0.0,,,,,,-0.0235683917999268
0.0,0.0,,,,,,-0.0029050707817077
0.0,0.0,,,,,,0.15906299619034
0.0,0.0,,,,,,0.0017963203971082
0.0,0.0,,,,,,0.0062504112720489
0.0,0.0,,,,,,-0.0041730105876922
0.0,0.0,,,,,,0.0880829393863678
0.0,1.0,LA,00-0032242,R.Havenstein,10.0,Offensive Holding,-0.0243299007415772
0.0,0.0,,,,,,-0.0052154958248138
0.0,0.0,,,,,,0.0080868005752563
0.0,0.0,,,,,,-0.0323999524116516
0.0,0.0,,,,,,-0.0040824711322784
0.0,0.0,,,,,,0.030717134475708
0.0,0.0,,,,,,-0.0162639021873474
0.0,0.0,,,,,,0.0114068984985352
0.0,0.0,,,,,,0.0206142663955688
0.0,0.0,,,,,,0.0020822882652282
0.0,0.0,,,,,,0.0074826478958129
0.0,0.0,,,,,,-0.0121745467185974
0.0,0.0,,,,,,-0.0291352272033691
0.0,0.0,,,,,,-0.0546298623085022
0.0,0.0,,,,,,0.0191672444343567
0.0,0.0,,,,,,0.0228036940097809
0.0,0.0,,,,,,0.0365008413791657
0.0,0.0,,,,,,-0.016504317522049
0.0,0.0,,,,,,-0.002850204706192
0.0,0.0,,,,,,-0.0282270312309265
0.0,0.0,,,,,,-0.028708815574646
0.0,0.0,,,,,,-0.010201096534729
0.0,1.0,PHI,00-0034429,J.Mailata,5.0,False Start,-0.028705358505249
0.0,0.0,,,,,,-0.0260240435600281
0.0,0.0,,,,,,0.0792137980461121
0.0,0.0,,,,,,0.0114173293113709
0.0,0.0,,,,,,0.0178679823875427
0.0,0.0,,,,,,-0.0093531608581543
0.0,0.0,,,,,,0.0311830043792725
0.0,0.0,,,,,,0.0192608237266541
0.0,0.0,,,,,,-0.0171287655830383
0.0,0.0,,,,,,0.0
0.0,0.0,,,,,,0.0065258145332336
0.0,0.0,,,,,,-0.0128315091133118
0.0,0.0,,,,,,0.0
0.0,0.0,,,,,,-0.0720126032829285
0.0,0.0,,,,,,0.0
0.0,0.0,,,,,,0.0
0.0,0.0,,,,,,-0.0021139681339263
0.0,0.0,,,,,,0.0003215670585632
0.0,0.0,,,,,,-0.0180502235889435
0.0,0.0,,,,,,-0.0268100202083588
0.0,0.0,,,,,,0.0078929364681243
0.0,0.0,,,,,,-0.0036481022834777
0.0,0.0,,,,,,0.0204328894615173
0.0,0.0,,,,,,-0.0166317820549011
0.0,0.0,,,,,,-0.0586561560630798
0.0,0.0,,,,,,0.0145612061023712
0.0,0.0,,,,,,0.004615843296051
0.0,0.0,,,,,,-0.0253031849861145
0.0,0.0,,,,,,0.134125024080277
0.0,0.0,,,,,,0.0575945377349854
0.0,0.0,,,,,,-0.066961020231247
0.0,0.0,,,,,,-0.02399742603302
0.0,0.0,,,,,,-0.0523985028266907
0.0,0.0,,,,,,0.0417244732379913
0.0,0.0,,,,,,0.0079959034919738
0.0,0.0,,,,,,-0.0180839896202087
0.0,0.0,,,,,,-0.0052996277809143
0.0,0.0,,,,,,0.109103918075562
0.0,0.0,,,,,,0.0033537149429321
0.0,0.0,,,,,,0.0238192081451416
0.0,0.0,,,,,,-0.0161935687065125
0.0,1.0,PHI,00-0036284,M.Becton,5.0,Ineligible Downfield Pass,-0.0252882838249207
0.0,0.0,,,,,,-0.0386132597923279
0.0,0.0,,,,,,-0.031743586063385
0.0,0.0,,,,,,0.0702178180217743
0.0,0.0,,,,,,0.0055502951145172
0.0,0.0,,,,,,-0.0240870118141174
0.0,0.0,,,,,,-0.0010141432285308
0.0,0.0,,,,,,-0.0306067764759064
0.0,0.0,,,,,,-0.016720712184906
0.0,0.0,,,,,,-0.0149083733558655
0.0,0.0,,,,,,-0.148177742958069
0.0,0.0,,,,,,0.0212240517139435
0.0,0.0,,,,,,0.015429675579071
0.0,0.0,,,,,,-0.269344121217728
0.0,0.0,,,,,,0.0144082307815552
0.0,0.0,,,,,,-0.0162616968154907
0.0,0.0,,,,,,-0.0291333198547363
0.0,1.0,PHI,00-0030561,L.Johnson,4.0,False Start,-0.0451933741569519
0.0,0.0,,,,,,-0.0161555111408234
0.0,0.0,,,,,,0.0018339455127716
0.0,0.0,,,,,,-0.0178355872631073
0.0,0.0,,,,,,-0.0398918390274048
0.0,0.0,,,,,,0.0826801359653473
0.0,0.0,,,,,,-0.0302714407444
0.0,0.0,,,,,,-0.0274423658847809
0.0,0.0,,,,,,-0.115192651748657
0.0,0.0,,,,,,-0.0096356272697448
0.0,0.0,,,,,,-0.0114430785179138
0.0,0.0,,,,,,-0.0472864508628845
0.0,0.0,,,,,,0.0864103436470032
0.0,0.0,,,,,,-0.0049740672111511
0.0,0.0,,,,,,0.0184532403945923
0.0,0.0,,,,,,-0.0234793424606323
0.0,0.0,,,,,,0.0019304454326629
0.0,0.0,,,,,,0.0138310194015503
0.0,0.0,,,,,,-0.0459977984428406
0.0,0.0,,,,,,0.0039215981960296
0.0,0.0,,,,,,-0.0330327749252319
0.0,0.0,,,,,,-0.0223476886749268
0.0,0.0,,,,,,0.0539735529971093
0.0,0.0,,,,,,-0.0116065193366974
0.0,0.0,,,,,,0.0060099437832832
0.0,0.0,,,,,,-0.0012313462793827
0.0,0.0,,,,,,-0.0058003142476081
0.0,0.0,,,,,,0.0168088525533676
0.0,0.0,,,,,,-0.0054921247065067
0.0,0.0,,,,,,0.0103268884122372
0.0,0.0,,,,,,0.0059658959507942
0.0,0.0,,,,,,-0.0061213411390781
0.0,0.0,,,,,,-0.0099646262824535
0.0,0.0,,,,,,-0.0021681413054466
0.0,0.0,,,,,,0.0644971796836578
0.0,0.0,,,,,,0.0032705484364308
0.0,0.0,,,,,,0.0031741857528686
0.0,0.0,,,,,,-0.0049017071723938
0.0,0.0,,,,,,0.0
0.0,0.0,,,,,,-0.0223693251609802
0.0,0.0,,,,,,0.0
0.0,0.0,,,,,,-0.0173309445381165
0.0,0.0,,,,,,0.0
0.0,0.0,,,,,,-0.0002808272838592
0.0,0.0,,,,,,-0.0089572370052337
0.0,0.0,,,,,,0.0284015536308289
0.0,0.0,,,,,,-0.0241339057683945
0.0,0.0,,,,,,-0.0075821876525878
0.0,0.0,,,,,,0.0266938954591751
0.0,0.0,,,,,,0.193012058734894
0.0,0.0,,,,,,-0.0143817961215973
0.0,1.0,LA,00-0036339,K.Dotson,5.0,False Start,-0.0316315591335297
0.0,0.0,,,,,,0.0348559021949768
0.0,0.0,,,,,,-0.162378713488579
0.0,0.0,,,,,,-0.175644859671593
0.0,0.0,,,,,,
0.0,1.0,WAS,00-0033862,Z.Gonzalez,0.0,,0.0263115763664246
0.0,0.0,,,,,,-0.0180367827415466
0.0,0.0,,,,,,-0.0439908504486084
0.0,0.0,,,,,,-0.0224924981594086
0.0,0.0,,,,,,0.0296564996242523
0.0,0.0,,,,,,0.0049467682838439
0.0,0.0,,,,,,0.0197681188583374
0.0,0.0,,,,,,0.017328143119812
0.0,0.0,,,,,,0.0725484490394592
0.0,0.0,,,,,,-0.0124768018722534
0.0,0.0,,,,,,-0.0331184864044189
0.0,1.0,WAS,00-0036376,T.Biadasz,5.0,False Start,-0.0372488498687744
0.0,0.0,,,,,,0.033781111240387
0.0,0.0,,,,,,-0.100920021533966
0.0,0.0,,,,,,0.0313453674316406
0.0,0.0,,,,,,0.047929048538208
0.0,0.0,,,,,,0.0357958674430847
0.0,0.0,,,,,,0.0294480323791504
0.0,0.0,,,,,,0.0069652199745178
0.0,0.0,,,,,,-0.008120478597404
0.0,0.0,,,,,,0.0013612522752299
0.0,0.0,,,,,,0.0060365200042724
0.0,0.0,,,,,,0.0042160749435424
0.0,0.0,,,,,,0.0264052152633667
0.0,0.0,,,,,,-0.0309698879718781
0.0,0.0,,,,,,-0.0054649412631988
0.0,0.0,,,,,,0.0397351682186127
0.0,0.0,,,,,,0.0261563062667847
0.0,0.0,,,,,,-0.0130165219306946
0.0,0.0,,,,,,-0.0225420892238617
0.0,0.0,,,,,,-0.0275794565677643
0.0,0.0,,,,,,0.0400338470935822
0.0,0.0,,,,,,0.0
0.0,0.0,,,,,,0.0237210988998413
0.0,0.0,,,,,,0.0508981943130493
0.0,0.0,,,,,,-0.0014781355857849
0.0,0.0,,,,,,0.0070564150810241
0.0,0.0,,,,,,-0.112303167581558
0.0,0.0,,,,,,0.0214435160160065
0.0,0.0,,,,,,-0.0099261999130249
0.0,0.0,,,,,,0.123423337936401
0.0,0.0,,,,,,-0.0104767084121704
0.0,0.0,,,,,,-0.0088322162628173
0.0,0.0,,,,,,-0.0313042998313904
0.0,0.0,,,,,,0.0780506134033203
0.0,0.0,,,,,,-0.012092649936676
0.0,0.0,,,,,,-0.0268092155456543
1.0,1.0,DET,00-0037667,K.Joseph,2.0,Defensive Pass Interference,0.0500445365905762
0.0,0.0,,,,,,-0.0232353210449219
0.0,0.0,,,,,,0.0462007991071338
0.0,0.0,,,,,,0.0025324352983837
0.0,0.0,,,,,,0.0061527788639068
0.0,0.0,,,,,,-0.0190298557281494
0.0,0.0,,,,,,0.0234266221523285
0.0,0.0,,,,,,0.109777867794037
0.0,0.0,,,,,,0.0142112970352173
0.0,0.0,,,,,,-0.0165828466415405
0.0,0.0,,,,,,0.0743132829666138
0.0,0.0,,,,,,0.0043537379224152
0.0,0.0,,,,,,0.0017833947222381
0.0,0.0,,,,,,0.0067155957221984
0.0,0.0,,,,,,-0.0044812262058258
0.0,0.0,,,,,,0.0251487493515015
0.0,0.0,,,,,,0.161238872288544
0.0,0.0,,,,,,0.0021413333427122
0.0,0.0,,,,,,-0.0018293857574462
0.0,1.0,DET,00-0039065,S.LaPorta,5.0,False Start,-0.0226247012615204
0.0,0.0,,,,,,-0.0137957036495209
0.0,0.0,,,,,,-0.168928814005569
0.0,0.0,,,,,,0.0011013030293428
0.0,0.0,,,,,,0.0
0.0,1.0,DET,00-0039139,J.Gibbs,5.0,False Start,-0.0089027285575866
0.0,0.0,,,,,,0.0337898284196854
0.0,0.0,,,,,,-0.0103450119495392
0.0,0.0,,,,,,0.124686693458649
0.0,0.0,,,,,,0.0013170934628519
0.0,0.0,,,,,,0.0065614581108093
0.0,0.0,,,,,,0.0211595296859741
0.0,0.0,,,,,,0.0368063449859619
0.0,0.0,,,,,,-0.0117001533508301
0.0,0.0,,,,,,0.0493757724761963
0.0,0.0,,,,,,-0.0045229196548461
0.0,0.0,,,,,,0.0
0.0,0.0,,,,,,-0.0124773979187012
0.0,0.0,,,,,,0.0667702760791673
0.0,0.0,,,,,,0.0002315882349119
0.0,0.0,,,,,,0.0042232871055603
0.0,0.0,,,,,,0.0138507336378098
0.0,0.0,,,,,,0.0234292447566986
0.0,0.0,,,,,,-0.0122076421976089
0.0,0.0,,,,,,0.0060479491949081
0.0,0.0,,,,,,-0.0142292380332947
0.0,0.0,,,,,,0.0380331575870514
0.0,0.0,,,,,,0.0
0.0,0.0,,,,,,0.0
0.0,0.0,,,,,,-0.0930739939212799
0.0,0.0,,,,,,
0.0,0.0,,,,,,0.000216007232666
0.0,0.0,,,,,,0.0255023837089539
0.0,0.0,,,,,,-0.0092878937721252
0.0,0.0,,,,,,-0.0005773305892944
0.0,0.0,,,,,,-0.0238503813743591
0.0,0.0,,,,,,-0.0129919946193695
0.0,0.0,,,,,,0.0074328780174255
0.0,0.0,,,,,,-0.0151384174823761
0.0,0.0,,,,,,0.0146509557962418
1.0,1.0,WAS,00-0032052,D.Fowler,15.0,Face Mask,0.039191260933876
0.0,0.0,,,,,,-0.0405023694038391
0.0,0.0,,,,,,-0.0192451775074005
0.0,0.0,,,,,,0.0618301033973694
0.0,0.0,,,,,,-0.0128189325332642
0.0,0.0,,,,,,0.049489289522171
0.0,0.0,,,,,,0.035624086856842
0.0,0.0,,,,,,-0.0188439786434174
0.0,0.0,,,,,,0.0537170376958355
0.0,0.0,,,,,,0.0016715321360126
0.0,0.0,,,,,,0.0055890083312988
0.0,0.0,,,,,,-0.0198748707771301
0.0,0.0,,,,,,0.05897057056427
1.0,1.0,DET,00-0038096,J.Paschal,15.0,Unnecessary Roughness,0.0495436787605286
0.0,0.0,,,,,,-0.0054976940155029
0.0,0.0,,,,,,0.011883556842804
0.0,0.0,,,,,,0.0090426206588745
0.0,0.0,,,,,,-0.025566041469574
0.0,0.0,,,,,,0.0295616388320923
0.0,0.0,,,,,,-0.0195392966270447
0.0,0.0,,,,,,0.0456027388572693
0.0,0.0,,,,,,0.0146356821060181
0.0,0.0,,,,,,-0.0162694454193115
0.0,0.0,,,,,,-0.0065093636512756
1.0,1.0,DET,,,3.0,Defensive Too Many Men on Field,0.0506896376609802
0.0,0.0,,,,,,0.0120913982391357
0.0,0.0,,,,,,0.0148254134226404
0.0,0.0,,,,,,0.0005514971446431
0.0,0.0,,,,,,-0.0038019120693206
0.0,0.0,,,,,,-0.0076124221086502
0.0,0.0,,,,,,0.0299099385738373
0.0,0.0,,,,,,-0.0915386080741882
0.0,0.0,,,,,,0.0227300524711609
0.0,0.0,,,,,,-0.0049279332160949
0.0,0.0,,,,,,0.0236262083053589
0.0,1.0,WAS,,,5.0,Delay of Game,-0.0060446262359619
0.0,0.0,,,,,,-0.0023766160011291
0.0,0.0,,,,,,0.0158151388168335
0.0,0.0,,,,,,-0.0128379464149475
0.0,0.0,,,,,,0.0291650891304016
0.0,0.0,,,,,,0.007115001768826
0.0,0.0,,,,,,0.0005190307488455
0.0,0.0,,,,,,0.0034433174878358
0.0,0.0,,,,,,-0.0053726695477962
0.0,0.0,,,,,,0.0058530252426862
0.0,0.0,,,,,,-0.004128897562623
0.0,0.0,,,,,,-0.0007177386432886
0.0,0.0,,,,,,0.0012318678200244
0.0,0.0,,,,,,0.0084879901260137
0.0,0.0,,,,,,0.0019336063414812
0.0,0.0,,,,,,-0.0060534216463565
0.0,0.0,,,,,,-0.0125197898596525
0.0,0.0,,,,,,-0.00233437679708
0.0,0.0,,,,,,0.0003910064697265
0.0,0.0,,,,,,-0.000461459159851
0.0,0.0,,,,,,0.0025520920753479
0.0,0.0,,,,,,0.0
0.0,0.0,,,,,,0.0
0.0,0.0,,,,,,0.0025441646575927
0.0,0.0,,,,,,0.0010395050048828
0.0,0.0,,,,,,0.0
0.0,0.0,,,,,,6.68764114379883e-05
0.0,0.0,,,,,,0.0
0.0,0.0,,,,,,3.17096710205078e-05
0.0,0.0,,,,,,0.0
0.0,0.0,,,,,,-0.0023142073769122
0.0,0.0,,,,,,-0.0008579562418162
0.0,0.0,,,,,,-0.0001979807857424
0.0,0.0,,,,,,0.0001166511792689
0.0,0.0,,,,,,-0.000134231057018
0.0,0.0,,,,,,0.0006071936804801
0.0,0.0,,,,,,-0.0005909816827625
0.0,0.0,,,,,,0.0015633029397577
0.0,0.0,,,,,,-0.0012838563416153
0.0,0.0,,,,,,0.0012444884050637
0.0,0.0,,,,,,-0.0007740294095128
0.0,0.0,,,,,,-0.0003776999656111
0.0,0.0,,,,,,-0.0020133196376264
0.0,0.0,,,,,,
